order_id,client_first_name,client_last_name,client_email,client_gender,client_birthdate,client_ip_address,purchase_date,functional_unit_id,product_rating,product_category,product_price,product_id
808,Herminia,Cottrell,hcottrellmf@bravesites.com,Female,07/03/2011,253.138.224.89,29/01/2019,5,,Music,"€26,35",100
554,David,Wrassell,dwrassellfd@nymag.com,Male,05/03/1992,198.50.163.143,20/01/2019,5,4.0,Books,"€18,49",24
439,Hubie,Boulstridge,hboulstridgec6@vkontakte.ru,Male,30/03/1970,43.95.126.173,10/01/2019,10,3.0,Health,"€24,98",70
157,Waly,Evered,wevered4c@flavors.me,Female,08/06/1935,101.74.41.217,15/01/2019,6,4.0,Home,"€0,32",84
194,Livvyy,Swainger,lswainger5d@linkedin.com,Female,17/05/1971,131.174.165.21,31/01/2019,1,,Clothing,"€15,68",33
663,Goran,Groger,ggrogerie@sohu.com,Male,03/01/1950,16.158.153.85,27/01/2019,8,,Music,"€18,17",100
32,Clareta,Walklett,cwalklettv@ifeng.com,Female,26/08/1997,173.183.32.92,11/01/2019,5,1.0,Home,"€29,82",84
927,Kamila,Gurry,kgurrypq@weather.com,Female,17/04/1994,97.255.116.214,17/01/2019,10,4.0,Home,"€4,09",82
708,Albert,Fontelles,afontellesjn@ehow.com,Male,25/01/2008,55.75.167.163,14/01/2019,1,2.0,Toys,"€21,20",121
687,Rafferty,Korneluk,rkornelukj2@gnu.org,Male,14/04/1957,202.69.130.8,28/01/2019,3,4.0,Grocery,"€23,58",61
263,Dionis,Rown,drown7a@ft.com,Female,26/11/1949,254.35.80.17,13/01/2019,4,5.0,Electronics,"€26,10",40
926,Rosco,Giovanazzi,rgiovanazzipp@netvibes.com,Male,04/04/1934,242.99.190.153,17/01/2019,9,1.0,Baby,"€22,89",2
715,Onida,Shimoni,oshimoniju@fotki.com,Female,13/11/1948,66.118.81.36,29/01/2019,4,5.0,Shoes,"€8,61",114
303,Sterne,Virr,svirr8e@berkeley.edu,Male,07/05/1967,144.210.226.179,17/01/2019,4,,Shoes,"€14,46",110
941,Kile,Da Costa,kdacostaq4@hatena.ne.jp,Male,01/06/1977,60.233.130.220,22/01/2019,9,5.0,Shoes,"€22,93",110
511,Cloe,Dukes,cdukese6@foxnews.com,Female,02/11/1968,61.51.56.208,16/01/2019,3,,Books,"€4,75",21
19,Vern,L'argent,vlargenti@oracle.com,Male,20/07/1986,17.0.94.239,09/01/2019,7,,Shoes,"€0,86",113
685,Ciel,Linn,clinnj0@dropbox.com,Female,23/08/1961,118.63.66.233,09/01/2019,10,2.0,Games,"€24,88",52
865,Tatiana,Marians,tmarianso0@pcworld.com,Female,28/05/1964,219.198.95.247,23/01/2019,5,1.0,Movies,"€13,81",90
704,Tan,Gunningham,tgunninghamjj@shop-pro.jp,Male,12/12/1937,67.136.172.27,23/01/2019,3,5.0,Health,"€2,01",70
341,Kathye,Greeson,kgreeson9g@telegraph.co.uk,Female,31/07/1988,61.12.119.103,09/01/2019,6,,Games,"€11,22",54
615,Ruddie,Lawfull,rlawfullh2@shop-pro.jp,Male,03/10/1937,159.158.189.13,25/01/2019,10,4.0,Books,"€27,61",20
990,Guy,Farmar,gfarmarrh@soup.io,Male,24/04/2014,208.71.176.204,29/01/2019,6,2.0,Electronics,"€26,07",43
778,Sabra,Belshaw,sbelshawll@linkedin.com,Female,18/01/1962,41.156.97.26,18/01/2019,6,,Toys,"€5,15",120
654,Jereme,Earlam,jearlami5@friendfeed.com,Male,05/01/1942,214.241.248.98,13/01/2019,3,4.0,Music,"€1,85",101
601,Domenico,Chaston,dchastongo@economist.com,Male,05/11/1953,22.40.235.237,11/01/2019,3,5.0,Baby,"€2,61",3
54,Osbourn,Slide,oslide1h@dyndns.org,Male,28/11/1975,243.254.94.196,29/01/2019,10,2.0,Movies,"€21,61",93
344,Dari,Monteaux,dmonteaux9j@stanford.edu,Female,09/02/2001,226.230.79.180,16/01/2019,10,3.0,Beauty,"€16,99",10
757,Avictor,Esplin,aesplinl0@macromedia.com,Male,15/10/1981,7.129.177.69,23/01/2019,6,,Games,"€7,44",54
404,Shaine,Buttress,sbuttressb7@go.com,Male,25/03/1969,30.183.33.207,17/01/2019,7,2.0,Books,"€19,88",23
409,Sigrid,Royson,sroysonbc@feedburner.com,Female,30/12/2015,71.121.227.213,20/01/2019,1,3.0,Beauty,"€0,85",12
831,Alvan,Sunock,asunockn2@stanford.edu,Male,14/01/1995,214.89.27.182,28/01/2019,8,3.0,Electronics,"€14,17",40
33,Estele,Caldecott,ecaldecottw@vistaprint.com,Female,07/09/1932,,20/01/2019,2,,Movies,"€21,44",92
480,Rania,Mattingley,rmattingleydb@blogger.com,Female,22/01/1939,146.185.210.177,15/01/2019,1,4.0,Music,"€21,55",103
10,Philippine,Bauldrey,pbauldrey9@google.com.hk,Female,07/07/1985,,28/01/2019,10,2.0,Books,"€17,09",22
373,Ketti,Thunnercliffe,kthunnercliffeac@pagesperso-orange.fr,Female,30/10/1942,238.97.105.96,23/01/2019,8,4.0,Health,"€3,46",71
398,Bradan,La Grange,blagrangeb1@yahoo.com,Male,24/11/2016,199.26.40.130,13/01/2019,1,2.0,Books,"€27,04",22
815,Jordan,Chatainier,jchatainiermm@people.com.cn,Male,02/11/2005,89.234.235.176,16/01/2019,3,,Home,"€17,67",81
777,Oran,MacDiarmond,omacdiarmondlk@deviantart.com,Male,31/10/1966,86.24.116.89,12/01/2019,6,2.0,Clothing,"€12,47",34
533,Erhard,Dorrell,edorrelles@vistaprint.com,Male,03/07/1993,209.34.41.7,25/01/2019,3,,Baby,"€2,26",1
609,Galven,Lingner,glingnergw@google.co.uk,Male,01/04/1949,,15/01/2019,2,,Shoes,"€28,11",114
375,Caryl,Wathan,cwathanae@cbslocal.com,Female,11/11/1992,235.49.73.84,15/01/2019,9,,Clothing,"€11,88",30
749,Duff,Supple,dsuppleks@live.com,Male,06/02/1947,189.116.139.243,27/01/2019,1,,Beauty,"€16,45",10
608,Christopher,Moir,cmoirgv@cam.ac.uk,Male,10/11/1956,37.225.212.13,30/01/2019,8,,Beauty,"€5,03",13
699,Janos,Lake,jlakeje@goo.ne.jp,Male,27/03/1997,73.163.104.161,22/01/2019,5,,Clothing,"€27,36",30
452,Jeramie,Fernandez,jfernandezcj@photobucket.com,Male,14/07/2007,169.231.245.246,29/01/2019,1,4.0,Electronics,"€10,37",41
532,Engracia,Potbury,epotburyer@nba.com,Female,07/02/1952,206.172.29.253,24/01/2019,7,,Health,"€7,65",71
966,Ofilia,Sterry,osterryqt@wired.com,Female,26/01/1938,158.194.12.228,20/01/2019,5,3.0,Shoes,"€16,63",110
709,Blanch,Lande,blandejo@smugmug.com,Female,15/02/1946,187.223.231.117,23/01/2019,1,3.0,Health,"€8,65",70
754,Tudor,Jenken,tjenkenkx@unc.edu,Male,01/10/1955,181.181.102.38,30/01/2019,2,,Books,"€5,71",20
838,De,Tiddy,dtiddyn9@chron.com,Female,13/01/1978,81.115.173.143,11/01/2019,10,3.0,Beauty,"€13,95",10
534,Nessi,Metzig,nmetziget@bloglines.com,Female,27/06/1944,0.34.49.3,29/01/2019,2,,Books,"€22,73",20
262,Tremayne,Nielson,tnielson79@google.es,Male,13/08/1965,184.98.86.33,28/01/2019,9,,Music,"€7,04",100
626,Millard,Beedham,mbeedhamhd@fda.gov,Male,18/04/1959,123.255.232.207,18/01/2019,8,1.0,Music,"€25,92",101
268,Eve,Colquhoun,ecolquhoun7f@quantcast.com,Female,05/12/1959,,22/01/2019,10,,Home,"€6,44",80
573,Rip,Riccetti,rriccettifw@nhs.uk,Male,08/08/1954,76.236.244.176,23/01/2019,6,,Books,"€18,71",24
712,Rossie,Burge,rburgejr@goodreads.com,Male,27/11/1994,224.140.234.191,24/01/2019,4,,Electronics,"€10,78",42
122,Darell,Fibbens,dfibbens3d@washingtonpost.com,Female,25/11/2004,,16/01/2019,1,,Grocery,"€13,47",61
390,Arny,Broker,abrokerat@state.gov,Male,26/11/2007,157.132.238.120,10/01/2019,3,,Movies,"€16,25",93
16,Elvis,Blewett,eblewettf@360.cn,Male,02/05/1938,109.50.196.137,13/01/2019,2,1.0,Music,"€17,73",102
632,Townsend,Lowles,tlowleshj@discovery.com,Male,14/10/1946,46.110.107.162,25/01/2019,8,,Games,"€0,74",50
740,Erin,Costello,ecostellokj@craigslist.org,Female,26/03/2011,35.126.209.177,25/01/2019,5,2.0,Books,"€3,50",20
360,Reagan,Kamien,rkamien9z@51.la,Male,12/08/2000,167.104.29.41,21/01/2019,10,4.0,Baby,"€4,05",0
76,Renell,Rosenkrantz,rrosenkrantz23@ucsd.edu,Female,16/10/1932,170.82.165.254,18/01/2019,6,5.0,Books,"€9,36",21
661,Larissa,Riggs,lriggsic@boston.com,Female,23/05/2001,242.199.151.23,15/01/2019,3,1.0,Books,"€28,31",21
399,Rubin,Dobson,rdobsonb2@yellowbook.com,Male,11/06/2015,120.250.163.72,18/01/2019,5,5.0,Grocery,"€23,50",63
931,Katina,Lamprecht,klamprechtpu@shareasale.com,Female,01/07/1941,,20/01/2019,9,3.0,Clothing,"€3,96",33
502,Ignace,Castletine,icastletinedx@fda.gov,Male,31/07/1977,225.97.227.7,12/01/2019,10,3.0,Games,"€16,57",51
181,Emerson,Errowe,eerrowe50@patch.com,Male,06/10/1992,90.41.32.5,18/01/2019,5,3.0,Books,"€19,91",23
524,Carol-jean,Manton,cmantonej@nih.gov,Female,16/11/1954,,30/01/2019,2,3.0,Movies,"€0,24",94
539,Sonnnie,Voaden,svoadeney@jimdo.com,Female,28/01/1985,199.78.29.202,29/01/2019,2,,Books,"€19,39",21
164,Lucky,Pillans,lpillans4j@ftc.gov,Female,22/10/1957,191.232.251.44,31/01/2019,7,3.0,Beauty,"€7,85",14
284,Adrianne,Woodhams,awoodhams7v@marriott.com,Female,09/05/1964,113.190.116.39,31/01/2019,3,,Toys,"€18,57",121
606,Court,Kinig,ckiniggt@dropbox.com,Male,28/04/1988,58.238.158.109,21/01/2019,1,4.0,Movies,"€1,81",91
254,Sayre,Loisi,sloisi71@flavors.me,Female,25/12/1967,49.209.110.25,11/01/2019,3,3.0,Games,"€1,97",54
335,Ame,Bennike,abennike9a@ezinearticles.com,Female,02/10/1959,139.215.102.127,27/01/2019,3,1.0,Electronics,"€22,85",44
621,Nicolai,Rowlin,nrowlinh8@github.com,Male,30/08/1977,196.42.147.52,12/01/2019,10,5.0,Clothing,"€5,96",31
459,Guss,Davidesco,gdavidescocq@biglobe.ne.jp,Male,12/08/2018,241.0.58.174,27/01/2019,1,1.0,Home,"€20,56",80
71,Maddy,Wolverson,mwolverson1y@icq.com,Female,29/01/1968,222.168.28.43,15/01/2019,8,4.0,Grocery,"€4,54",64
249,Grethel,Popland,gpopland6w@techcrunch.com,Female,07/01/1934,218.25.65.57,25/01/2019,7,4.0,Music,"€23,90",102
721,Curtice,Dunican,cdunicank0@lycos.com,Male,24/03/1943,,09/01/2019,7,5.0,Grocery,"€28,56",60
468,Liva,Keller,lkellercz@upenn.edu,Female,27/01/1958,11.244.186.75,14/01/2019,2,,Books,"€5,82",20
156,Dari,Golsthorp,dgolsthorp4b@yahoo.com,Female,03/06/2009,147.209.65.143,29/01/2019,9,4.0,Toys,"€7,38",121
336,Filberto,Mynott,fmynott9b@utexas.edu,Male,31/01/1993,145.125.90.162,14/01/2019,3,,Health,"€27,52",73
442,Archaimbaud,Hayter,ahayterc9@hexun.com,Male,12/01/1992,119.243.122.233,19/01/2019,7,5.0,Home,"€14,42",84
56,Cyrill,Vannoort,cvannoort1j@guardian.co.uk,Male,05/07/1974,65.248.104.161,11/01/2019,10,2.0,Toys,"€27,48",120
630,Bernard,Whordley,bwhordleyhh@lycos.com,Male,06/04/2013,100.99.96.117,18/01/2019,7,,Clothing,"€15,93",31
597,Leshia,GiacobbiniJacob,lgiacobbinijacobgk@webeden.co.uk,Female,01/03/1949,164.92.190.224,21/01/2019,8,,Beauty,"€14,15",12
929,Myrtice,Merigot,mmerigotps@smugmug.com,Female,03/01/1951,234.52.93.120,21/01/2019,4,5.0,Clothing,"€14,61",30
185,Agneta,Gillmor,agillmor54@seattletimes.com,Female,23/06/1930,6.250.41.214,09/01/2019,4,4.0,Shoes,"€7,76",110
625,Doralynne,Kurton,dkurtonhc@cbc.ca,Female,22/01/1943,231.159.66.187,13/01/2019,2,3.0,Movies,"€26,58",94
751,Flin,Chastand,fchastandku@wiley.com,Male,27/06/1941,208.60.214.10,09/01/2019,9,4.0,Grocery,"€19,63",62
219,Bradford,Leece,bleece62@reference.com,Male,17/07/1970,85.62.29.72,11/01/2019,7,3.0,Baby,"€27,77",0
300,Urbanus,Davidovsky,udavidovsky8b@163.com,Male,15/12/2012,53.249.59.103,11/01/2019,9,,Toys,"€24,33",122
577,Em,Halsey,ehalseyg0@people.com.cn,Female,21/04/2017,71.253.150.86,13/01/2019,5,,Toys,"€16,96",123
259,Rice,Cunnington,rcunnington76@sphinn.com,Male,23/04/2000,154.205.2.227,19/01/2019,6,3.0,Grocery,"€9,16",64
438,Linell,Bowkett,lbowkettc5@craigslist.org,Female,22/11/2014,136.40.36.239,13/01/2019,4,5.0,Health,"€11,23",70
744,Alvera,Pycock,apycockkn@godaddy.com,Female,01/07/2005,141.222.73.169,12/01/2019,7,1.0,Home,"€21,66",84
827,Hobie,Woolmer,hwoolmermy@buzzfeed.com,Male,07/06/1930,240.19.52.158,23/01/2019,10,,Books,"€14,86",23
958,Tandie,Boath,tboathql@jalbum.net,Female,23/04/1961,100.65.50.219,17/01/2019,3,4.0,Health,"€29,42",71
47,Beverlie,Noquet,bnoquet1a@ask.com,Female,07/09/1961,147.12.253.193,19/01/2019,2,,Movies,"€27,79",94
835,Caro,Minto,cminton6@mozilla.org,Female,02/01/1993,189.79.37.54,30/01/2019,1,3.0,Beauty,"€15,91",12
89,Ermin,Castellini,ecastellini2g@mayoclinic.com,Male,29/12/1952,181.196.205.166,26/01/2019,5,1.0,Toys,"€24,65",121
449,Washington,Formilli,wformillicg@washingtonpost.com,Male,26/05/1950,185.240.113.89,28/01/2019,9,1.0,Health,"€24,96",71
677,Shepard,Key,skeyis@wisc.edu,Male,16/11/1931,152.41.76.125,28/01/2019,6,5.0,Grocery,"€16,44",64
517,Cindelyn,Greensides,cgreensidesec@sphinn.com,Female,16/07/1974,85.191.191.104,29/01/2019,7,,Baby,"€20,82",2
131,Muffin,Carrier,mcarrier3m@issuu.com,Female,17/09/1958,142.242.207.151,13/01/2019,3,,Movies,"€16,71",93
681,Ivette,Smitheram,ismitheramiw@newyorker.com,Female,28/04/1975,60.14.240.73,29/01/2019,7,5.0,Toys,"€0,44",120
679,Reamonn,Halpine,rhalpineiu@multiply.com,Male,20/04/1994,60.100.216.132,22/01/2019,6,,Movies,"€29,63",94
779,Casey,Bradborne,cbradbornelm@wiley.com,Female,06/10/1990,169.101.33.231,28/01/2019,5,1.0,Grocery,"€12,39",64
964,Sonya,O'Siaghail,sosiaghailqr@unc.edu,Female,02/06/1932,217.209.200.26,18/01/2019,3,5.0,Games,"€29,82",54
396,Joyce,Yewdell,jyewdellaz@ted.com,Female,02/08/1947,117.0.4.52,11/01/2019,4,3.0,Music,"€13,65",103
773,Arda,Gradly,agradlylg@fda.gov,Female,08/10/1953,150.167.175.97,09/01/2019,2,4.0,Movies,"€3,41",93
980,Blondelle,Davidove,bdavidover7@addthis.com,Female,04/06/1957,213.204.102.159,14/01/2019,7,1.0,Grocery,"€16,49",63
579,Georges,Prescot,gprescotg2@amazon.co.uk,Male,24/12/1969,108.164.45.124,16/01/2019,5,1.0,Clothing,"€24,81",30
713,Bendite,Ponceford,bponcefordjs@people.com.cn,Female,18/05/2006,12.112.204.22,19/01/2019,6,3.0,Electronics,"€15,24",43
108,Gawain,Trail,gtrail2z@yellowpages.com,Male,19/03/2003,,27/01/2019,7,,Beauty,"€19,15",10
720,Clarice,Kose,ckosejz@creativecommons.org,Female,07/03/1988,138.87.250.220,09/01/2019,9,,Toys,"€26,14",124
73,Cele,Becom,cbecom20@gmpg.org,Female,03/03/1972,164.98.44.18,28/01/2019,4,5.0,Grocery,"€17,75",62
811,Sophronia,Joron,sjoronmi@toplist.cz,Female,14/06/2000,21.145.160.15,12/01/2019,5,,Toys,"€5,50",120
899,Katina,Nelthropp,knelthroppoy@domainmarket.com,Female,25/11/1968,35.209.202.122,25/01/2019,6,1.0,Health,"€25,93",71
883,Felix,McAllister,fmcallisteroi@amazon.co.jp,Male,02/08/2008,56.41.213.111,22/01/2019,4,,Shoes,"€3,88",112
596,Lyndy,Denniss,ldennissgj@pinterest.com,Female,24/04/1980,53.194.198.226,21/01/2019,8,4.0,Shoes,"€24,27",113
542,Conway,Blyden,cblydenf1@auda.org.au,Male,13/06/1997,184.243.47.119,31/01/2019,8,1.0,Beauty,"€4,96",14
995,Reyna,Guly,rgulyrm@accuweather.com,Female,24/11/2011,177.189.198.195,10/01/2019,10,,Electronics,"€20,52",42
258,Bentley,Stennett,bstennett75@toplist.cz,Male,30/04/1981,155.131.110.188,27/01/2019,8,,Clothing,"€20,94",33
947,Tab,Grinov,tgrinovqa@last.fm,Male,28/05/1932,162.55.68.205,10/01/2019,8,4.0,Clothing,"€9,10",33
461,Aldo,Dametti,adamettics@constantcontact.com,Male,21/04/1940,159.149.135.81,21/01/2019,4,,Books,"€2,29",22
845,Clayton,Edworthye,cedworthyeng@narod.ru,Male,08/03/1948,,11/01/2019,1,,Games,"€11,71",54
109,Drusi,Eton,deton30@shop-pro.jp,Female,13/10/1975,,13/01/2019,2,1.0,Music,"€24,50",103
563,Casi,Bradd,cbraddfm@hibu.com,Female,08/04/2016,2.177.100.148,10/01/2019,3,2.0,Clothing,"€0,15",34
752,Gasper,Atchly,gatchlykv@163.com,Male,21/08/1933,93.91.96.197,17/01/2019,8,4.0,Baby,"€3,75",3
599,Virgie,Rafter,vraftergm@liveinternet.ru,Male,04/04/1953,168.149.90.27,22/01/2019,3,,Games,"€22,53",53
310,Aharon,Kasbye,akasbye8l@google.com.au,Male,28/09/1996,106.167.86.195,21/01/2019,3,1.0,Music,"€26,62",100
801,Rhodie,Dunnion,rdunnionm8@census.gov,Female,15/12/1982,109.33.194.81,23/01/2019,10,,Clothing,"€3,16",31
309,Ricoriki,Millsom,rmillsom8k@mlb.com,Male,04/01/1982,,31/01/2019,4,,Home,"€29,93",84
275,Yolanda,O'Brien,yobrien7m@yahoo.com,Female,07/07/1974,251.90.160.91,18/01/2019,7,2.0,Shoes,"€9,80",112
348,Emmalyn,Scollan,escollan9n@google.ca,Female,04/12/1963,183.192.228.64,19/01/2019,3,,Books,"€5,74",21
384,Merry,Tapson,mtapsonan@about.com,Male,23/05/1940,213.231.166.186,15/01/2019,3,1.0,Books,"€12,36",20
419,Addy,Howen,ahowenbm@go.com,Female,02/01/2017,,23/01/2019,9,,Movies,"€6,58",91
312,Henrieta,Godier,hgodier8n@de.vu,Female,19/04/1934,222.248.2.192,21/01/2019,3,5.0,Music,"€18,30",103
369,Farra,Castagna,fcastagnaa8@sakura.ne.jp,Female,26/08/1943,210.202.192.22,20/01/2019,3,1.0,Movies,"€29,44",92
829,Joelly,Lomaz,jlomazn0@t-online.de,Female,03/01/1950,239.112.5.104,27/01/2019,5,4.0,Baby,"€12,24",1
362,Clementius,Mainds,cmaindsa1@twitter.com,Male,23/03/1966,52.232.12.227,15/01/2019,10,4.0,Toys,"€25,84",124
141,Lula,Brandham,lbrandham3w@lulu.com,Female,31/08/1989,135.164.139.47,23/01/2019,1,5.0,Health,"€18,36",73
74,Brittan,Vassman,bvassman21@nbcnews.com,Female,23/08/1949,240.219.200.4,09/01/2019,10,4.0,Electronics,"€2,94",44
223,Jim,Halsall,jhalsall66@barnesandnoble.com,Male,08/07/1975,201.140.125.201,31/01/2019,10,,Grocery,"€5,72",63
789,Erick,Cutting,ecuttinglw@gizmodo.com,Male,11/04/2012,6.73.0.168,16/01/2019,6,2.0,Games,"€9,85",53
20,Flory,Hayhurst,fhayhurstj@tumblr.com,Male,02/12/1999,180.185.183.51,27/01/2019,4,5.0,Games,"€21,44",54
400,Jorey,Galbraeth,jgalbraethb3@bing.com,Female,18/08/2010,,24/01/2019,5,4.0,Grocery,"€13,60",62
6,Pamelina,Bales,pbales5@hugedomains.com,Female,04/02/1974,25.220.82.120,18/01/2019,9,2.0,Electronics,"€19,16",41
863,Armando,Hastwell,ahastwellny@blog.com,Male,07/08/1970,248.160.20.95,17/01/2019,1,,Health,"€7,22",73
552,Jody,Brobyn,jbrobynfb@hc360.com,Male,05/08/1957,,20/01/2019,7,5.0,Clothing,"€1,88",33
825,Judon,Kenworth,jkenworthmw@harvard.edu,Male,12/02/2017,185.57.250.163,28/01/2019,9,5.0,Home,"€0,99",83
407,Sebastien,Yeend,syeendba@cargocollective.com,Male,12/04/1992,202.178.250.9,10/01/2019,7,5.0,Grocery,"€0,52",62
628,Glynn,Eastby,geastbyhf@census.gov,Male,25/11/1995,82.34.100.181,26/01/2019,10,4.0,Home,"€15,89",82
93,Kacie,Prandi,kprandi2k@ucsd.edu,Female,05/02/1946,104.59.157.111,13/01/2019,3,2.0,Baby,"€21,95",0
351,Gunther,Vodden,gvodden9q@sourceforge.net,Male,15/10/2011,39.17.78.85,27/01/2019,4,2.0,Grocery,"€27,09",62
592,Esme,Cuzen,ecuzengf@stanford.edu,Female,09/03/1999,19.57.106.191,22/01/2019,7,2.0,Toys,"€27,13",124
907,Tobit,Scutchin,tscutchinp6@answers.com,Male,25/07/1972,159.163.133.140,30/01/2019,5,1.0,Baby,"€26,44",1
567,Valli,Budd,vbuddfq@pbs.org,Female,14/04/1934,181.128.119.36,23/01/2019,10,3.0,Beauty,"€3,45",14
614,Dore,Ondrasek,dondrasekh1@nih.gov,Female,23/07/1994,186.244.138.112,30/01/2019,9,4.0,Baby,"€8,37",3
129,Dev,Feronet,dferonet3k@gnu.org,Male,10/12/2001,178.214.142.214,24/01/2019,5,,Health,"€9,76",70
217,Dorthy,Greenhow,dgreenhow60@google.com.au,Female,20/05/1985,,28/01/2019,1,2.0,Electronics,"€20,80",41
963,Jedediah,Tansey,jtanseyqq@eventbrite.com,Male,26/05/1976,35.255.107.99,25/01/2019,3,3.0,Electronics,"€26,16",44
586,Christophe,Cannings,ccanningsg9@acquirethisname.com,Male,01/10/1971,107.250.21.0,27/01/2019,8,,Home,"€20,07",81
910,Tania,Connechie,tconnechiep9@ibm.com,Female,11/01/1950,77.158.83.134,15/01/2019,10,2.0,Beauty,"€20,20",14
225,Ruttger,Luxmoore,rluxmoore68@163.com,Male,21/06/1932,,20/01/2019,3,2.0,Home,"€11,64",83
854,Patti,Loos,ploosnp@wired.com,Female,17/07/1983,93.216.187.38,26/01/2019,9,,Shoes,"€20,75",110
826,Vera,Flexman,vflexmanmx@jigsy.com,Female,15/04/2005,90.22.151.219,28/01/2019,9,1.0,Clothing,"€2,69",30
364,Trefor,Price,tpricea3@samsung.com,Male,29/10/2005,,09/01/2019,5,,Games,"€9,72",53
782,Pattie,Pregal,ppregallp@imgur.com,Female,22/08/1968,225.226.182.94,26/01/2019,8,4.0,Games,"€28,57",54
99,Hew,Poolton,hpoolton2q@google.fr,Male,01/06/1995,44.18.126.155,19/01/2019,9,3.0,Music,"€20,72",104
411,Joye,Sivess,jsivessbe@ifeng.com,Female,28/07/1946,192.18.75.46,21/01/2019,8,3.0,Shoes,"€12,18",111
84,Britni,Portlock,bportlock2b@google.it,Female,27/05/1992,126.143.210.165,28/01/2019,8,1.0,Music,"€4,76",103
374,Camila,Gazey,cgazeyad@ed.gov,Female,19/08/2009,178.90.83.99,11/01/2019,4,2.0,Games,"€29,60",50
18,Taffy,Trewman,ttrewmanh@businessinsider.com,Female,06/05/1967,232.135.135.126,19/01/2019,3,1.0,Toys,"€2,76",120
513,Charisse,Hulatt,chulatte8@tripadvisor.com,Female,20/04/1952,207.73.180.233,10/01/2019,9,5.0,Shoes,"€21,01",112
613,Carr,Biffen,cbiffenh0@imageshack.us,Male,19/04/1947,,19/01/2019,4,1.0,Home,"€11,70",81
187,Kendall,Hurling,khurling56@dyndns.org,Male,31/07/1978,184.251.81.174,23/01/2019,6,,Movies,"€13,95",93
67,Arline,Penton,apenton1u@nyu.edu,Female,28/01/1996,,17/01/2019,5,,Games,"€3,07",51
568,Creight,Goddert.sf,cgoddertsffr@constantcontact.com,Male,07/11/1941,30.107.9.4,21/01/2019,4,2.0,Baby,"€20,64",2
115,Corney,Durno,cdurno36@squarespace.com,Male,07/03/2012,118.5.34.123,11/01/2019,9,2.0,Clothing,"€25,42",34
822,Wilbert,McCrisken,wmccriskenmt@netvibes.com,Male,15/05/1939,188.22.206.248,29/01/2019,9,5.0,Music,"€4,19",100
537,Malva,Greenier,mgreenierew@mtv.com,Female,31/10/1988,230.233.8.69,21/01/2019,2,1.0,Games,"€7,85",52
155,Leisha,Fladgate,lfladgate4a@craigslist.org,Female,08/08/1989,249.77.40.226,30/01/2019,4,,Beauty,"€18,24",10
753,Dalli,McMichell,dmcmichellkw@gmpg.org,Male,07/03/1964,90.251.65.51,21/01/2019,1,2.0,Games,"€25,47",50
36,Buddie,Jurasek,bjurasekz@istockphoto.com,Male,04/04/1992,131.231.76.208,24/01/2019,2,3.0,Music,"€1,10",104
25,Lidia,De Blasi,ldeblasio@purevolume.com,Female,11/03/1958,183.85.39.84,22/01/2019,9,1.0,Electronics,"€1,91",41
88,Gloria,Glitherow,gglitherow2f@java.com,Female,29/03/2003,114.97.82.219,14/01/2019,8,1.0,Home,"€20,41",80
901,Fitzgerald,Batchan,fbatchanp0@tripod.com,Male,29/07/1933,,26/01/2019,6,,Health,"€4,31",71
635,Daloris,Wileman,dwilemanhm@uiuc.edu,Female,26/08/1995,70.217.147.105,15/01/2019,3,5.0,Shoes,"€4,83",112
450,Kenneth,Rozet,krozetch@nytimes.com,Male,15/05/1982,103.38.205.107,26/01/2019,4,2.0,Health,"€29,75",73
816,Jake,Garnam,jgarnammn@npr.org,Male,23/04/1937,124.224.210.85,16/01/2019,7,4.0,Home,"€10,34",82
917,Brit,Bisatt,bbisattpg@ustream.tv,Female,05/02/1979,214.130.163.255,18/01/2019,6,1.0,Toys,"€9,33",123
703,Kit,Kerslake,kkerslakeji@unicef.org,Male,19/05/1953,239.210.5.221,30/01/2019,5,,Baby,"€18,54",4
576,Sadye,Lieb,sliebfz@drupal.org,Female,01/03/1934,225.129.227.192,24/01/2019,4,5.0,Home,"€23,21",84
212,Sax,Magarrell,smagarrell5v@un.org,Male,24/07/2005,1.59.195.218,09/01/2019,4,2.0,Clothing,"€11,81",30
353,Walden,Roger,wroger9s@microsoft.com,Male,19/02/1982,41.101.52.247,19/01/2019,3,4.0,Home,"€11,37",81
5,Jany,Buessen,jbuessen4@vimeo.com,Female,08/04/1939,122.207.31.30,16/01/2019,3,3.0,Health,"€24,03",74
768,Gris,Dingwall,gdingwalllb@craigslist.org,Male,26/05/1952,176.138.228.74,12/01/2019,10,5.0,Shoes,"€7,96",111
436,Artie,Tacon,ataconc3@cbc.ca,Male,29/11/1978,171.51.193.151,10/01/2019,7,2.0,Clothing,"€8,72",30
734,Meade,Henner,mhennerkd@dyndns.org,Male,06/04/1982,168.42.87.25,27/01/2019,4,5.0,Grocery,"€25,25",64
80,Mei,Lockett,mlockett27@wsj.com,Female,02/01/1970,143.186.99.55,26/01/2019,10,4.0,Home,"€23,72",83
665,Annette,Leif,aleifig@examiner.com,Female,15/10/1989,150.251.169.158,09/01/2019,9,1.0,Movies,"€28,86",93
346,Bryant,Pape,bpape9l@columbia.edu,Male,27/11/1938,198.93.109.46,17/01/2019,4,4.0,Health,"€23,60",71
702,Sibella,Issacov,sissacovjh@prweb.com,Female,16/09/2008,119.144.42.63,31/01/2019,10,4.0,Beauty,"€6,25",13
385,Adriena,Abbey,aabbeyao@wufoo.com,Female,11/01/1984,245.111.82.173,22/01/2019,1,,Grocery,"€10,98",62
590,Alexia,Covert,acovertgd@hhs.gov,Female,24/02/1942,34.54.194.93,09/01/2019,10,,Grocery,"€1,12",61
43,Daven,Calcott,dcalcott16@google.cn,Male,23/09/2018,157.239.184.160,31/01/2019,3,3.0,Electronics,"€27,37",40
806,Minerva,Hess,mhessmd@about.com,Female,27/04/2016,23.222.138.13,09/01/2019,8,,Beauty,"€2,39",10
208,Brigid,Dunseath,bdunseath5r@businesswire.com,Female,24/03/1975,,19/01/2019,8,5.0,Home,"€23,51",81
954,Kendell,Birkby,kbirkbyqh@slideshare.net,Male,24/06/1951,,14/01/2019,2,,Books,"€26,51",20
522,Thia,Gatherell,tgatherelleh@canalblog.com,Female,29/08/1935,58.175.6.100,10/01/2019,10,3.0,Movies,"€7,43",91
670,Lucho,Pigot,lpigotil@typepad.com,Male,25/03/2016,37.182.206.131,20/01/2019,10,4.0,Movies,"€3,63",93
434,Marilin,South,msouthc1@ihg.com,Female,09/09/1945,123.205.141.216,11/01/2019,9,,Health,"€28,76",72
3,Bev,Gimenez,bgimenez2@sbwire.com,Male,05/01/2005,101.82.99.38,29/01/2019,2,2.0,Grocery,"€14,48",61
647,Sammy,Tothe,stothehy@oakley.com,Female,29/08/2009,37.27.28.110,16/01/2019,6,,Health,"€19,79",74
465,Gale,Beardshall,gbeardshallcw@walmart.com,Female,28/02/1943,129.55.196.121,27/01/2019,1,4.0,Toys,"€21,36",120
878,Tonia,Riall,triallod@tamu.edu,Female,25/11/1962,160.56.7.48,13/01/2019,6,1.0,Shoes,"€23,40",113
809,Renate,Brennan,rbrennanmg@xinhuanet.com,Female,18/06/1975,88.239.61.113,28/01/2019,2,,Movies,"€7,91",92
726,Fabio,Branch,fbranchk5@joomla.org,Male,07/10/1998,149.154.85.128,25/01/2019,4,1.0,Health,"€8,47",74
148,Rivi,Burriss,rburriss43@google.es,Female,23/07/1973,88.97.1.36,24/01/2019,9,5.0,Toys,"€3,91",124
204,Janaya,Giorgietto,jgiorgietto5n@webeden.co.uk,Female,14/04/1953,31.85.0.55,25/01/2019,10,1.0,Toys,"€21,38",123
111,Wadsworth,Akaster,wakaster32@godaddy.com,Male,21/03/1964,177.61.121.205,19/01/2019,4,1.0,Home,"€25,06",80
680,Sampson,Seeking,sseekingiv@de.vu,Male,14/01/2002,232.170.87.60,16/01/2019,10,,Books,"€1,35",22
864,Timmy,Zorzenoni,tzorzenoninz@google.de,Male,18/01/1985,181.195.224.115,21/01/2019,5,2.0,Baby,"€15,78",0
220,Sydney,Foxten,sfoxten63@barnesandnoble.com,Female,15/12/2010,206.10.49.156,24/01/2019,4,,Music,"€19,01",100
920,Dacia,Dearsley,ddearsleypj@joomla.org,Female,19/12/1935,173.56.125.178,30/01/2019,3,1.0,Electronics,"€1,97",44
299,Marchall,Jaze,mjaze8a@arizona.edu,Male,03/01/2002,,18/01/2019,3,,Electronics,"€1,47",41
342,Rogers,Alps,ralps9h@artisteer.com,Male,02/03/1933,253.195.80.202,21/01/2019,8,,Baby,"€4,35",0
287,Linus,Pettigree,lpettigree7y@comsenz.com,Male,24/07/2001,89.17.132.244,22/01/2019,6,5.0,Grocery,"€11,45",64
852,Ced,Croke,ccrokenn@webmd.com,Male,22/05/1960,57.33.6.72,16/01/2019,8,1.0,Electronics,"€10,87",42
994,Breanne,Fibbitts,bfibbittsrl@google.fr,Female,24/08/1960,175.29.203.245,20/01/2019,2,,Beauty,"€26,88",12
813,Errick,Pannett,epannettmk@fema.gov,Male,13/08/1959,79.37.243.61,13/01/2019,5,2.0,Games,"€0,87",52
881,Erika,Maruska,emaruskaog@cloudflare.com,Female,01/09/1997,,28/01/2019,7,4.0,Home,"€15,82",82
72,Loralie,De Pietri,ldepietri1z@furl.net,Female,18/09/2012,212.216.160.49,19/01/2019,9,1.0,Toys,"€14,57",121
488,Paulie,Beiderbecke,pbeiderbeckedj@kickstarter.com,Male,31/05/1942,186.102.164.215,25/01/2019,8,,Grocery,"€26,49",64
976,Mycah,Cristou,mcristour3@home.pl,Male,24/08/2016,,19/01/2019,1,,Health,"€18,93",73
656,Allx,Tembey,atembeyi7@ibm.com,Female,26/06/1953,73.127.201.17,24/01/2019,3,3.0,Clothing,"€5,68",31
286,Karleen,Mewett,kmewett7x@google.com,Female,22/08/1955,227.253.30.255,31/01/2019,10,,Toys,"€18,58",121
317,Tobit,Emeney,temeney8s@miitbeian.gov.cn,Male,03/11/1953,123.64.59.138,12/01/2019,8,,Beauty,"€10,75",13
153,Kimmie,Smalecombe,ksmalecombe48@prweb.com,Female,24/03/2015,21.158.204.225,14/01/2019,6,,Baby,"€23,27",0
125,Pauly,Marmyon,pmarmyon3g@washington.edu,Male,01/12/2002,242.164.215.225,20/01/2019,5,2.0,Toys,"€2,76",122
997,Yovonnda,Andor,yandorro@tamu.edu,Female,28/05/1941,209.50.43.120,18/01/2019,6,3.0,Health,"€28,31",70
843,Brock,Clardge,bclardgene@nih.gov,Male,20/01/2009,140.73.193.242,21/01/2019,5,3.0,Baby,"€12,01",1
750,Powell,Le Strange,plestrangekt@gmpg.org,Male,10/07/1988,60.27.230.2,23/01/2019,7,5.0,Books,"€18,49",20
794,Roanne,Camock,rcamockm1@cbslocal.com,Female,04/01/1982,243.155.252.242,23/01/2019,8,,Shoes,"€21,98",110
545,Gay,Harlow,gharlowf4@cargocollective.com,Female,05/11/2006,,18/01/2019,4,,Electronics,"€3,44",44
847,Deena,Harlett,dharlettni@boston.com,Female,04/12/1964,243.141.45.144,16/01/2019,7,2.0,Movies,"€23,75",92
515,Shena,Arundel,sarundelea@reference.com,Female,20/01/1990,108.3.42.178,15/01/2019,5,2.0,Toys,"€8,99",121
154,Jordain,Southern,jsouthern49@1und1.de,Female,09/04/1943,238.39.172.206,23/01/2019,5,,Movies,"€24,24",92
738,Ludwig,Love,llovekh@mashable.com,Male,30/08/1953,221.93.32.203,11/01/2019,7,,Electronics,"€2,74",43
641,Marijo,Britt,mbritths@army.mil,Female,10/03/1955,189.81.29.119,27/01/2019,5,1.0,Electronics,"€14,10",41
856,Stanly,Iddens,siddensnr@feedburner.com,Male,20/07/1959,42.8.195.109,10/01/2019,6,4.0,Movies,"€3,03",92
741,Chaddy,Turn,cturnkk@alexa.com,Male,30/12/1998,163.34.84.37,25/01/2019,5,1.0,Toys,"€19,33",124
866,Tatum,McClure,tmcclureo1@ezinearticles.com,Female,02/11/1983,,19/01/2019,8,,Health,"€19,15",70
98,Bernette,Davage,bdavage2p@cbsnews.com,Female,11/01/1960,67.25.31.109,13/01/2019,8,,Grocery,"€24,07",61
188,Del,Currm,dcurrm57@about.me,Male,21/07/1957,207.218.170.84,20/01/2019,5,1.0,Electronics,"€19,05",41
231,Jerrie,Clawson,jclawson6e@pcworld.com,Male,29/09/1953,128.115.84.167,17/01/2019,6,,Electronics,"€16,64",41
106,Kristi,Plumley,kplumley2x@mapy.cz,Female,08/05/2011,223.8.40.130,16/01/2019,9,5.0,Grocery,"€13,81",60
839,Mag,Stolworthy,mstolworthyna@meetup.com,Female,28/01/2012,79.68.193.6,13/01/2019,4,5.0,Clothing,"€21,64",32
291,Michel,Boraston,mboraston82@businesswire.com,Male,28/10/1952,201.246.91.170,18/01/2019,5,,Grocery,"€14,79",61
946,Ellsworth,Nelmes,enelmesq9@over-blog.com,Male,01/10/2002,,11/01/2019,3,4.0,Electronics,"€0,19",42
633,Fancie,Spofforth,fspofforthhk@eepurl.com,Female,31/08/1999,,29/01/2019,10,2.0,Beauty,"€23,12",11
425,Trude,De Witt,tdewittbs@cnn.com,Female,17/11/1968,109.103.7.0,30/01/2019,5,3.0,Grocery,"€2,16",60
215,Johnna,Wordsworth,jwordsworth5y@cornell.edu,Female,26/01/1971,143.203.220.216,13/01/2019,10,,Books,"€28,68",20
273,Justino,Light,jlight7k@wikimedia.org,Male,25/05/1954,,19/01/2019,8,,Health,"€26,46",72
792,Ronald,Rockliffe,rrockliffelz@behance.net,Male,28/12/1977,175.255.246.97,22/01/2019,4,2.0,Clothing,"€18,66",30
653,Dulce,Brachell,dbrachelli4@youtu.be,Female,26/11/2015,76.44.34.0,31/01/2019,5,5.0,Beauty,"€27,65",13
186,Ronny,Kiendl,rkiendl55@multiply.com,Female,19/09/1938,228.54.89.46,15/01/2019,10,1.0,Grocery,"€4,89",64
804,Libby,Schulze,lschulzemb@thetimes.co.uk,Female,08/11/1957,248.228.1.29,21/01/2019,8,,Grocery,"€20,55",62
169,Rex,Tillot,rtillot4o@shutterfly.com,Male,04/07/1960,136.90.105.172,13/01/2019,6,3.0,Health,"€9,03",73
682,Bret,Dedmam,bdedmamix@businesswire.com,Male,28/03/1988,176.94.138.148,30/01/2019,8,4.0,Games,"€27,21",51
233,Ebba,Jikylls,ejikylls6g@elegantthemes.com,Female,09/10/1979,177.132.239.170,21/01/2019,8,1.0,Grocery,"€6,77",64
489,Roddie,Folcarelli,rfolcarellidk@webeden.co.uk,Male,09/01/2007,0.176.14.170,15/01/2019,7,3.0,Toys,"€21,05",123
797,Hollie,Quarton,hquartonm4@rakuten.co.jp,Female,31/08/2013,143.220.203.16,15/01/2019,3,3.0,Clothing,"€27,21",30
678,Marena,Galbraith,mgalbraithit@statcounter.com,Female,14/06/1974,18.96.35.229,27/01/2019,1,,Health,"€21,52",70
605,Chrisy,Jamson,cjamsongs@chicagotribune.com,Male,24/09/1953,207.220.198.240,13/01/2019,9,,Health,"€1,51",72
830,Cori,Money,cmoneyn1@globo.com,Female,27/03/1947,190.31.49.78,31/01/2019,3,5.0,Grocery,"€3,72",64
512,Eleen,Hinemoor,ehinemoore7@e-recht24.de,Female,21/07/1981,160.228.125.39,28/01/2019,9,5.0,Music,"€14,27",104
571,Gardener,Putten,gputtenfu@newyorker.com,Male,07/07/2010,109.52.93.168,19/01/2019,3,1.0,Clothing,"€27,59",30
697,Melva,Menego,mmenegojc@irs.gov,Female,30/01/1934,138.92.1.174,31/01/2019,9,1.0,Music,"€16,26",100
951,Daniel,McSharry,dmcsharryqe@miibeian.gov.cn,Male,29/02/2004,230.111.78.127,17/01/2019,9,3.0,Baby,"€14,95",3
133,Arthur,Bullion,abullion3o@behance.net,Male,28/02/1966,252.180.128.236,13/01/2019,9,5.0,Music,"€4,90",103
381,Turner,Tayt,ttaytak@fema.gov,Male,30/01/1984,252.10.160.239,27/01/2019,6,3.0,Shoes,"€23,58",110
82,Alyse,Deakins,adeakins29@theglobeandmail.com,Female,28/02/1997,193.193.63.51,17/01/2019,10,,Health,"€7,74",72
333,Silvester,Howes,showes98@cmu.edu,Male,05/06/1964,61.196.199.216,15/01/2019,7,3.0,Home,"€23,94",80
514,Izabel,Buckett,ibuckette9@meetup.com,Female,26/03/1971,12.29.160.124,14/01/2019,9,,Games,"€10,04",50
619,Bat,Dimitru,bdimitruh6@google.co.jp,Male,31/05/1947,156.66.55.67,18/01/2019,1,,Grocery,"€24,86",64
27,Arv,Evemy,aevemyq@addtoany.com,Male,28/07/2001,252.76.184.205,17/01/2019,9,3.0,Music,"€15,70",103
255,Cathleen,Mulholland,cmulholland72@google.com.au,Female,14/10/1956,94.127.240.31,28/01/2019,8,3.0,Music,"€21,50",103
799,Ki,Lello,klellom6@cisco.com,Female,17/09/2000,238.199.41.47,26/01/2019,1,4.0,Grocery,"€18,86",64
28,Hoyt,Courson,hcoursonr@blogspot.com,Male,05/03/2005,51.209.255.42,21/01/2019,5,5.0,Baby,"€1,73",1
986,Octavius,Duckers,oduckersrd@sogou.com,Male,20/10/1981,209.252.238.17,13/01/2019,1,4.0,Health,"€0,73",73
560,Yetta,Hexam,yhexamfj@opera.com,Female,16/05/1937,167.198.199.10,27/01/2019,8,5.0,Movies,"€26,37",91
31,Travus,Fieller,tfielleru@jiathis.com,Male,10/04/1964,168.195.27.205,12/01/2019,6,,Movies,"€8,69",94
393,Gardie,Paulazzi,gpaulazziaw@oaic.gov.au,Male,19/06/1988,143.175.214.182,17/01/2019,5,1.0,Health,"€3,29",72
150,Arturo,Sambrok,asambrok45@newyorker.com,Male,12/02/1992,237.173.255.115,16/01/2019,3,5.0,Clothing,"€7,37",33
540,Laurie,Pentercost,lpentercostez@phoca.cz,Female,05/12/1951,123.220.132.24,15/01/2019,4,,Games,"€15,70",51
962,Marney,Veljes,mveljesqp@nature.com,Female,28/04/1972,36.4.144.149,12/01/2019,10,3.0,Electronics,"€23,02",44
87,Bordy,Paulsen,bpaulsen2e@quantcast.com,Male,03/07/1952,116.78.163.154,24/01/2019,7,,Music,"€18,50",101
676,Binni,Sainsbury,bsainsburyir@columbia.edu,Female,07/01/1986,59.207.181.156,19/01/2019,8,1.0,Music,"€11,30",102
731,Stefano,Vittery,svitteryka@google.nl,Male,16/02/1992,37.230.97.56,26/01/2019,4,1.0,Music,"€12,59",103
472,Abby,Pennone,apennoned3@businesswire.com,Female,02/01/1950,185.127.62.154,15/01/2019,5,,Toys,"€12,10",121
347,Hermann,Facer,hfacer9m@aboutads.info,Male,24/08/2005,216.117.67.130,09/01/2019,6,,Shoes,"€29,57",114
138,Talyah,Tavener,ttavener3t@tiny.cc,Female,18/01/1991,90.217.38.250,28/01/2019,3,,Electronics,"€27,63",41
340,Clifford,Stopper,cstopper9f@google.com.hk,Male,20/01/1969,196.195.160.112,19/01/2019,2,,Baby,"€29,68",3
666,Deedee,Tomankiewicz,dtomankiewiczih@cnn.com,Female,29/12/1984,253.113.54.215,29/01/2019,2,5.0,Movies,"€9,55",93
622,Torin,Delgadillo,tdelgadilloh9@amazonaws.com,Male,06/02/1936,,14/01/2019,9,5.0,Books,"€8,96",23
221,Kissiah,Laurant,klaurant64@dropbox.com,Female,03/04/1946,189.203.103.78,22/01/2019,8,,Toys,"€17,16",122
770,Stoddard,Aronowicz,saronowiczld@netscape.com,Female,16/10/1969,214.121.158.175,28/01/2019,3,1.0,Health,"€4,92",74
528,Roarke,Measen,rmeasenen@deviantart.com,Male,07/07/1960,162.22.2.102,19/01/2019,8,1.0,Grocery,"€7,73",61
78,Randell,Duquesnay,rduquesnay25@jigsy.com,Male,06/05/2018,76.10.226.200,18/01/2019,1,,Books,"€4,66",24
445,Hercule,Feldon,hfeldoncc@gmpg.org,Male,12/07/1995,172.166.243.80,21/01/2019,5,2.0,Movies,"€4,95",91
890,Jaynell,Zanazzi,jzanazziop@xrea.com,Female,21/07/1995,76.176.185.22,18/01/2019,3,5.0,Movies,"€18,33",92
530,Chickie,Siley,csileyep@whitehouse.gov,Male,23/10/1961,137.134.91.172,18/01/2019,10,3.0,Clothing,"€4,21",32
455,Derby,Hamper,dhampercm@so-net.ne.jp,Male,04/08/1939,137.13.196.228,21/01/2019,2,5.0,Movies,"€19,52",93
758,Maurizio,Staddart,mstaddartl1@addtoany.com,Male,12/11/1941,5.252.47.121,12/01/2019,2,4.0,Grocery,"€15,94",64
824,Gage,Ketch,gketchmv@printfriendly.com,Male,04/07/1994,231.28.135.114,16/01/2019,9,,Home,"€20,88",83
418,Wit,O'Kielt,wokieltbl@apache.org,Male,05/09/1939,184.228.156.223,14/01/2019,4,5.0,Music,"€10,79",104
234,Wallis,Barritt,wbarritt6h@vkontakte.ru,Female,29/11/1998,,17/01/2019,10,,Clothing,"€10,18",34
984,Yancy,Alessandrini,yalessandrinirb@flavors.me,Male,03/10/2000,130.168.90.71,18/01/2019,6,4.0,Books,"€3,97",23
430,Xaviera,Dyzart,xdyzartbx@topsy.com,Female,07/10/1946,30.181.11.248,19/01/2019,7,1.0,Home,"€9,41",83
420,Merlina,Freddi,mfreddibn@elegantthemes.com,Female,08/02/2012,69.153.42.67,16/01/2019,7,2.0,Games,"€20,62",54
282,Reese,Whitley,rwhitley7t@infoseek.co.jp,Male,10/09/2012,192.125.106.197,21/01/2019,9,,Movies,"€27,89",94
874,Josias,Kervin,jkervino9@trellian.com,Male,14/03/1937,230.189.17.103,10/01/2019,2,5.0,Home,"€6,90",84
572,Doreen,Widger,dwidgerfv@hao123.com,Female,09/09/1970,176.158.190.200,18/01/2019,3,,Health,"€25,59",71
959,Paulie,Gavini,pgaviniqm@icq.com,Male,21/09/1955,244.37.243.36,09/01/2019,8,4.0,Electronics,"€21,03",42
406,Bree,Rattery,bratteryb9@goodreads.com,Female,02/04/2000,54.76.77.20,17/01/2019,4,5.0,Games,"€24,74",54
313,Dolly,Bremmer,dbremmer8o@webnode.com,Female,28/07/2006,203.215.27.160,15/01/2019,9,,Grocery,"€9,71",64
331,Matilde,Rowen,mrowen96@home.pl,Female,07/02/1943,129.62.239.50,15/01/2019,4,2.0,Books,"€9,60",23
92,Darla,Casebourne,dcasebourne2j@google.fr,Female,23/09/1987,,10/01/2019,2,,Clothing,"€16,37",34
250,Fan,Meany,fmeany6x@nps.gov,Female,18/05/1947,35.14.58.92,24/01/2019,3,5.0,Clothing,"€20,96",34
145,Timothy,Beatens,tbeatens40@ebay.co.uk,Male,15/08/2015,169.120.62.160,11/01/2019,2,5.0,Baby,"€23,56",1
594,Lorilyn,Cockman,lcockmangh@shop-pro.jp,Female,28/06/1974,,23/01/2019,3,2.0,Shoes,"€16,32",113
521,Humfried,Hayen,hhayeneg@telegraph.co.uk,Male,21/09/2008,4.191.220.116,18/01/2019,8,4.0,Beauty,"€3,09",10
762,Ignatius,Manifould,imanifouldl5@abc.net.au,Male,15/03/1974,50.220.130.57,10/01/2019,3,2.0,Home,"€19,48",81
673,Felicia,Longhi,flonghiio@lulu.com,Female,04/02/1957,,30/01/2019,5,3.0,Movies,"€24,27",91
251,Flossie,Thal,fthal6y@fc2.com,Female,12/04/1977,168.118.151.61,21/01/2019,2,,Games,"€2,11",51
956,Way,Allard,wallardqj@reuters.com,Male,17/03/1933,,24/01/2019,5,3.0,Shoes,"€7,52",111
651,Leonard,Jones,ljonesi2@netvibes.com,Male,08/06/1968,5.233.184.63,24/01/2019,9,2.0,Clothing,"€18,86",32
173,Siusan,Maffioletti,smaffioletti4s@dagondesign.com,Female,02/01/1945,,31/01/2019,7,2.0,Baby,"€24,97",2
652,Candi,Ledley,cledleyi3@washington.edu,Female,26/11/1943,25.114.131.171,26/01/2019,6,1.0,Health,"€27,69",74
334,Dorris,Stolli,dstolli99@vinaora.com,Female,15/02/1938,87.49.133.135,25/01/2019,8,2.0,Games,"€5,01",54
247,Kial,Broggetti,kbroggetti6u@tamu.edu,Female,26/02/2015,13.101.174.172,31/01/2019,3,3.0,Music,"€3,36",100
456,Norma,Sives,nsivescn@comcast.net,Female,06/04/1998,10.82.107.185,25/01/2019,5,5.0,Shoes,"€16,73",114
918,Brianne,Pamment,bpammentph@booking.com,Female,16/10/2017,183.50.10.236,25/01/2019,2,3.0,Beauty,"€2,94",13
885,Vinson,Guilloud,vguilloudok@elegantthemes.com,Male,21/04/1934,125.156.116.159,19/01/2019,1,2.0,Baby,"€18,66",4
975,Cordi,Condon,ccondonr2@tinypic.com,Female,25/11/2016,65.185.239.207,15/01/2019,5,3.0,Music,"€15,88",101
7,Myrtie,Wallbutton,mwallbutton6@boston.com,Female,09/01/1934,,27/01/2019,1,2.0,Beauty,"€21,25",10
795,Ashla,Zamora,azamoram2@google.com,Female,29/04/1933,,31/01/2019,8,2.0,Beauty,"€28,45",10
497,Aveline,Sabberton,asabbertonds@dell.com,Female,29/07/1937,133.64.118.138,12/01/2019,4,,Toys,"€9,51",124
474,Norton,Philson,nphilsond5@narod.ru,Male,26/08/1930,,15/01/2019,3,1.0,Health,"€7,36",74
807,Lionel,Boud,lboudme@t.co,Male,27/03/2009,53.34.144.55,30/01/2019,7,,Grocery,"€10,04",60
146,Orel,Eilers,oeilers41@imageshack.us,Female,14/01/1980,123.5.131.213,11/01/2019,3,4.0,Music,"€5,11",100
974,Francene,Bellie,fbellier1@opera.com,Female,22/03/2005,200.106.164.7,09/01/2019,2,5.0,Home,"€1,90",80
735,Hestia,Willard,hwillardke@spotify.com,Female,17/06/1980,65.82.20.215,12/01/2019,5,3.0,Home,"€25,26",82
562,Brittaney,Denington,bdeningtonfl@fotki.com,Female,23/04/1955,145.3.240.229,13/01/2019,1,,Electronics,"€7,63",42
823,Reece,Jendrich,rjendrichmu@bloomberg.com,Male,23/07/1987,108.218.222.166,16/01/2019,3,4.0,Electronics,"€22,49",43
297,Shadow,Culpen,sculpen88@fda.gov,Male,04/04/1954,173.42.72.188,27/01/2019,3,4.0,Clothing,"€29,55",34
224,Mollee,Gard,mgard67@walmart.com,Female,08/06/1948,,14/01/2019,1,3.0,Baby,"€18,17",1
226,Arlie,Phettis,aphettis69@sciencedirect.com,Female,18/02/1976,151.11.33.114,19/01/2019,4,,Health,"€1,19",71
158,Maitilde,Robarts,mrobarts4d@amazon.de,Female,07/04/1987,248.57.232.58,29/01/2019,4,5.0,Music,"€18,06",103
904,Oralia,Ackerman,oackermanp3@desdev.cn,Female,07/02/2000,102.242.21.155,21/01/2019,5,2.0,Shoes,"€0,60",110
583,Lidia,Keymer,lkeymerg6@dagondesign.com,Female,01/02/1993,224.30.19.136,18/01/2019,7,,Health,"€10,52",72
427,Griselda,Frostick,gfrostickbu@goo.ne.jp,Female,12/04/1986,,27/01/2019,6,3.0,Movies,"€28,10",94
440,Jonah,Gave,jgavec7@reverbnation.com,Male,03/07/1991,203.18.238.70,15/01/2019,5,1.0,Baby,"€8,15",2
595,Bellanca,Stafford,bstaffordgi@pcworld.com,Female,13/07/1962,143.236.115.112,14/01/2019,3,1.0,Grocery,"€16,74",63
504,Dwight,Boman,dbomandz@topsy.com,Male,14/05/2000,19.115.221.200,16/01/2019,1,,Home,"€5,27",83
623,Ariela,Scherer,aschererha@amazon.com,Female,30/09/1969,30.50.25.72,11/01/2019,3,5.0,Clothing,"€0,52",31
868,Kaitlin,Jickells,kjickellso3@omniture.com,Female,08/08/1967,197.179.155.133,11/01/2019,5,1.0,Grocery,"€6,51",61
261,Giselbert,Dunnet,gdunnet78@livejournal.com,Male,06/11/1976,109.155.194.216,09/01/2019,6,,Books,"€18,05",23
950,Kayle,Lawey,klaweyqd@fda.gov,Female,26/03/1941,213.252.159.82,25/01/2019,2,2.0,Grocery,"€14,54",64
764,Zed,Trythall,ztrythalll7@seesaa.net,Male,12/01/1966,128.61.81.217,11/01/2019,1,5.0,Music,"€17,42",100
902,Kerwinn,Cromb,kcrombp1@google.com.au,Male,28/03/2005,,09/01/2019,5,,Grocery,"€23,14",64
841,Stanford,Spaice,sspaicenc@tuttocitta.it,Male,31/12/1940,,21/01/2019,1,3.0,Books,"€29,69",24
237,Katya,Lowen,klowen6k@usgs.gov,Female,24/06/1947,41.106.13.172,26/01/2019,3,,Books,"€13,01",23
662,Quillan,Lory,qloryid@multiply.com,Male,20/07/1951,169.42.151.237,24/01/2019,9,,Health,"€16,40",74
170,Damon,Conquer,dconquer4p@de.vu,Male,31/01/1944,,23/01/2019,10,1.0,Clothing,"€9,79",32
100,Alexandro,Feitosa,afeitosa2r@accuweather.com,Male,06/09/1942,43.105.50.61,25/01/2019,3,1.0,Electronics,"€25,92",44
921,Ingemar,Goldsack,igoldsackpk@abc.net.au,Male,22/07/1949,100.138.113.1,09/01/2019,9,3.0,Home,"€15,05",83
44,Dale,Privett,dprivett17@miibeian.gov.cn,Male,19/10/2006,227.55.100.209,14/01/2019,1,,Electronics,"€3,23",41
516,Ava,Zavattari,azavattarieb@sakura.ne.jp,Female,10/11/1998,109.218.64.224,26/01/2019,3,5.0,Beauty,"€7,97",13
872,Inigo,Langforth,ilangfortho7@java.com,Male,11/04/2000,233.149.175.175,15/01/2019,2,4.0,Electronics,"€11,67",40
361,Alyosha,Himpson,ahimpsona0@gnu.org,Male,13/09/1958,108.186.225.83,16/01/2019,4,,Toys,"€23,64",121
686,Dom,Sephton,dsephtonj1@ow.ly,Male,23/01/1977,141.87.239.219,27/01/2019,6,5.0,Home,"€8,11",81
210,Alfy,Gransden,agransden5t@howstuffworks.com,Male,20/04/1982,223.180.108.190,19/01/2019,8,2.0,Clothing,"€9,53",33
985,Maure,Morey,mmoreyrc@vk.com,Female,19/11/1993,207.81.118.88,22/01/2019,4,4.0,Movies,"€11,15",91
667,Thurston,Bark,tbarkii@icq.com,Male,31/12/1971,105.141.32.252,17/01/2019,6,3.0,Shoes,"€25,00",112
358,Camey,Ledward,cledward9x@state.gov,Male,28/06/2012,114.137.22.223,13/01/2019,7,5.0,Home,"€29,40",82
182,Joshia,Inkin,jinkin51@ted.com,Male,06/04/1967,217.170.52.85,18/01/2019,7,4.0,Books,"€29,22",20
585,Rhona,Dayly,rdaylyg8@people.com.cn,Female,18/07/1969,214.236.183.137,20/01/2019,2,3.0,Clothing,"€14,56",32
897,Joannes,Torbett,jtorbettow@mtv.com,Female,18/11/1998,157.100.182.85,25/01/2019,4,4.0,Baby,"€16,31",0
763,Haleigh,Holdworth,hholdworthl6@psu.edu,Male,20/05/1939,140.78.228.99,31/01/2019,7,,Health,"€11,01",73
688,Bobbee,Hebard,bhebardj3@hao123.com,Female,16/08/2016,141.218.176.217,24/01/2019,9,3.0,Books,"€8,69",23
802,Paco,Haggie,phaggiem9@imageshack.us,Male,24/06/1960,166.233.235.225,22/01/2019,10,2.0,Toys,"€11,84",121
851,Jerrie,Arminger,jarmingernm@webnode.com,Female,30/04/2018,217.136.103.192,28/01/2019,3,3.0,Toys,"€3,34",124
372,Maison,Puffett,mpuffettab@elegantthemes.com,Male,10/06/1967,194.102.184.57,18/01/2019,4,4.0,Baby,"€3,37",4
810,Marget,Castell,mcastellmh@mozilla.com,Female,04/08/1981,122.22.25.1,14/01/2019,8,2.0,Clothing,"€19,18",34
17,Randal,Causey,rcauseyg@nature.com,Male,02/06/2001,173.251.207.49,13/01/2019,8,,Grocery,"€27,25",60
216,Chrystel,Theodore,ctheodore5z@bing.com,Female,20/08/1955,216.183.199.8,09/01/2019,9,2.0,Movies,"€1,43",94
729,Kiley,Tremonte,ktremontek8@shop-pro.jp,Female,04/06/1974,150.105.76.125,24/01/2019,5,4.0,Home,"€26,99",80
938,Dominique,Loud,dloudq1@acquirethisname.com,Female,30/10/1981,8.75.100.134,20/01/2019,10,1.0,Baby,"€3,58",4
916,Teddie,Dymoke,tdymokepf@virginia.edu,Male,23/02/1950,,18/01/2019,2,4.0,Beauty,"€13,67",12
509,Kliment,Pattingson,kpattingsone4@squarespace.com,Male,09/02/2009,192.202.4.99,14/01/2019,7,2.0,Beauty,"€16,50",11
139,Averill,Dursley,adursley3u@fastcompany.com,Male,11/11/2013,,20/01/2019,6,1.0,Beauty,"€8,37",10
544,Dana,Ebbing,debbingf3@csmonitor.com,Female,27/09/1961,198.134.82.15,28/01/2019,9,,Toys,"€12,70",124
850,Queenie,Astbery,qastberynl@army.mil,Female,09/12/1971,200.136.124.204,25/01/2019,3,,Movies,"€11,49",90
739,Constanta,Gilbanks,cgilbankski@hugedomains.com,Female,14/05/1961,92.75.112.13,29/01/2019,7,5.0,Baby,"€11,24",4
780,Christye,Aery,caeryln@sfgate.com,Female,15/07/1936,253.38.238.167,11/01/2019,5,1.0,Electronics,"€23,95",40
243,Shermie,Ratnege,sratnege6q@amazon.co.jp,Male,01/01/1979,97.67.23.143,12/01/2019,3,1.0,Clothing,"€29,33",30
781,Merrel,Attwoull,mattwoulllo@msu.edu,Male,20/07/1993,34.25.36.35,21/01/2019,1,1.0,Toys,"€25,28",122
305,Byrle,Shiers,bshiers8g@artisteer.com,Male,11/01/2006,65.243.229.210,15/01/2019,7,,Shoes,"€22,16",112
484,Uriah,Sawday,usawdaydf@taobao.com,Male,06/12/1992,38.35.192.196,19/01/2019,5,3.0,Electronics,"€2,71",41
892,Reidar,Roelofsen,rroelofsenor@cam.ac.uk,Male,26/01/1967,89.23.160.170,29/01/2019,5,2.0,Baby,"€14,68",1
337,Gaile,Methley,gmethley9c@com.com,Male,15/02/1965,175.166.33.130,25/01/2019,4,1.0,Music,"€15,45",100
311,Madel,Ambroziak,mambroziak8m@netscape.com,Female,16/05/2006,70.2.23.84,25/01/2019,7,2.0,Toys,"€22,92",121
278,Moore,Fawlkes,mfawlkes7p@seesaa.net,Male,11/11/1935,133.142.41.38,14/01/2019,5,4.0,Games,"€1,49",54
566,Beverley,Gulliman,bgullimanfp@1und1.de,Female,24/06/1973,38.65.231.222,12/01/2019,5,5.0,Clothing,"€12,24",33
723,Alexei,Pacheco,apachecok2@ycombinator.com,Male,18/11/1977,96.67.108.137,19/01/2019,4,1.0,Electronics,"€17,93",43
378,Randa,Kasbye,rkasbyeah@g.co,Female,28/05/1999,,31/01/2019,7,2.0,Music,"€18,32",101
180,Oralle,Dudill,odudill4z@bravesites.com,Female,29/04/1954,196.194.17.14,19/01/2019,7,,Music,"€24,18",100
241,Lief,Kilgannon,lkilgannon6o@abc.net.au,Male,08/07/1985,201.104.108.213,10/01/2019,3,1.0,Music,"€16,88",103
575,Amara,Skoggins,askogginsfy@bizjournals.com,Female,01/03/1945,,10/01/2019,1,2.0,Health,"€11,55",71
432,Thomasina,Cowpertwait,tcowpertwaitbz@tamu.edu,Female,09/03/1983,133.92.211.68,22/01/2019,7,,Movies,"€25,27",93
64,Meggie,Castelletto,mcastelletto1r@whitehouse.gov,Female,08/11/1948,185.20.32.200,21/01/2019,2,3.0,Shoes,"€3,08",112
296,Thekla,Bage,tbage87@simplemachines.org,Female,13/08/2010,147.107.164.199,28/01/2019,8,,Health,"€11,90",73
457,Ryley,Silley,rsilleyco@earthlink.net,Male,27/01/2000,244.240.66.223,28/01/2019,2,1.0,Movies,"€26,24",94
142,Noland,Bondesen,nbondesen3x@nyu.edu,Male,06/07/1954,37.70.251.205,18/01/2019,5,4.0,Grocery,"€26,72",62
834,Lauree,Carp,lcarpn5@harvard.edu,Female,19/05/1932,234.207.195.32,26/01/2019,2,1.0,Movies,"€22,35",91
189,Jillene,Viegas,jviegas58@fda.gov,Female,18/03/2012,39.30.160.36,11/01/2019,8,3.0,Movies,"€14,41",92
746,Wilhelmine,Coweuppe,wcoweuppekp@businesswire.com,Female,12/01/2004,61.164.79.252,28/01/2019,9,5.0,Books,"€18,72",20
728,Alexandra,Wyrill,awyrillk7@purevolume.com,Female,15/02/1947,222.184.179.96,15/01/2019,4,1.0,Electronics,"€24,87",42
506,Jonathon,Phelipeaux,jphelipeauxe1@t-online.de,Male,03/10/1996,149.174.16.160,26/01/2019,10,,Grocery,"€25,26",62
201,Walden,Seeks,wseeks5k@multiply.com,Male,06/06/1955,10.72.154.11,29/01/2019,3,,Shoes,"€15,27",110
553,Georgette,Von Der Empten,gvonderemptenfc@cam.ac.uk,Female,11/06/1966,127.82.236.4,10/01/2019,8,1.0,Home,"€21,91",81
371,Nerita,Josum,njosumaa@devhub.com,Female,22/04/1968,125.195.33.147,30/01/2019,7,,Music,"€15,71",103
857,Bordie,Tarr,btarrns@ameblo.jp,Male,06/08/1960,117.148.149.177,28/01/2019,10,4.0,Beauty,"€6,57",13
617,Thoma,Vicar,tvicarh4@devhub.com,Male,21/02/1930,210.9.53.220,17/01/2019,4,2.0,Electronics,"€16,91",40
972,Cherry,Hansbury,chansburyqz@ning.com,Female,08/02/1930,36.182.192.55,12/01/2019,4,2.0,Electronics,"€12,87",43
51,Holly-anne,De Castri,hdecastri1e@comsenz.com,Female,29/08/1943,89.192.242.92,12/01/2019,3,3.0,Movies,"€12,71",91
564,Dominique,Janoschek,djanoschekfn@wsj.com,Male,27/05/1950,110.50.99.144,22/01/2019,5,,Baby,"€23,93",0
690,Adriano,Roderighi,aroderighij5@answers.com,Male,22/11/1935,233.254.108.135,12/01/2019,7,2.0,Toys,"€2,83",121
627,Tyson,O'Cannon,tocannonhe@merriam-webster.com,Male,16/09/1955,161.118.135.35,09/01/2019,2,,Grocery,"€7,90",63
629,Carley,Redihalgh,credihalghhg@delicious.com,Female,19/02/1984,203.52.154.90,18/01/2019,5,5.0,Books,"€18,03",24
616,Alasdair,Walklett,awalkletth3@goodreads.com,Male,25/12/2013,,12/01/2019,7,4.0,Beauty,"€0,76",10
992,Renault,Boyde,rboyderj@gizmodo.com,Male,11/12/1974,107.46.206.123,23/01/2019,9,,Music,"€17,63",103
256,Leonid,Dawidowsky,ldawidowsky73@engadget.com,Male,07/01/1988,,16/01/2019,4,,Home,"€13,97",81
68,Petronille,Speirs,pspeirs1v@1und1.de,Female,09/07/1974,110.223.53.175,19/01/2019,5,3.0,Beauty,"€2,74",10
761,Cesaro,Easlea,ceasleal4@privacy.gov.au,Male,30/11/1988,236.254.0.131,12/01/2019,4,1.0,Toys,"€4,86",124
550,Nevile,Rizzardi,nrizzardif9@psu.edu,Male,13/09/1964,157.254.132.122,20/01/2019,1,5.0,Toys,"€13,83",123
722,Robinet,Toovey,rtooveyk1@phpbb.com,Male,12/05/1990,25.188.68.139,11/01/2019,4,5.0,Games,"€8,36",52
706,Sterne,Creaser,screaserjl@xinhuanet.com,Male,17/05/2001,73.99.110.99,31/01/2019,9,4.0,Baby,"€7,25",3
45,Donny,Wolfindale,dwolfindale18@ihg.com,Female,28/11/1934,84.186.140.128,25/01/2019,3,5.0,Toys,"€3,08",124
490,Jarrod,Ketley,jketleydl@chronoengine.com,Male,02/03/1991,20.157.205.25,11/01/2019,3,4.0,Grocery,"€18,72",64
955,Alyss,Canadas,acanadasqi@comcast.net,Female,04/07/2006,9.117.159.255,12/01/2019,6,,Grocery,"€7,49",63
669,Orelle,Gillingham,ogillinghamik@indiegogo.com,Female,08/03/1984,188.204.204.46,25/01/2019,4,2.0,Baby,"€7,72",0
725,Isidoro,Lowde,ilowdek4@boston.com,Male,26/08/1932,204.95.162.229,17/01/2019,8,,Grocery,"€6,65",61
903,Dael,Priest,dpriestp2@linkedin.com,Male,10/06/1951,158.192.67.17,18/01/2019,9,3.0,Shoes,"€28,62",110
315,Zelig,Priestnall,zpriestnall8q@sitemeter.com,Male,11/03/1938,114.163.132.175,16/01/2019,1,5.0,Movies,"€15,66",90
410,Gibbie,Rouge,grougebd@ezinearticles.com,Male,02/08/2003,120.57.119.224,30/01/2019,9,4.0,Shoes,"€28,12",110
475,Delcine,Leverington,dleveringtond6@pcworld.com,Female,12/09/1944,51.42.52.6,21/01/2019,3,1.0,Baby,"€28,65",1
692,Audrey,Le feuvre,alefeuvrej7@tripod.com,Female,12/11/1992,245.43.158.200,11/01/2019,3,4.0,Clothing,"€2,55",33
329,Roselia,Dominy,rdominy94@ucoz.com,Female,18/06/1993,149.250.4.126,17/01/2019,6,,Electronics,"€9,57",41
718,Trevor,Manoelli,tmanoellijx@businesswire.com,Male,22/02/1989,31.135.12.137,12/01/2019,10,,Beauty,"€1,56",11
960,Verena,Greser,vgreserqn@ed.gov,Female,18/10/1965,140.51.122.225,29/01/2019,10,2.0,Grocery,"€15,31",61
35,Benedetto,Esmonde,besmondey@about.com,Male,06/10/1994,93.143.194.71,18/01/2019,8,,Home,"€5,30",84
339,Jamal,Meneghi,jmeneghi9e@mit.edu,Male,17/02/2013,,11/01/2019,1,3.0,Movies,"€10,21",92
833,Dilan,Coan,dcoann4@list-manage.com,Male,28/01/1996,150.102.90.221,13/01/2019,1,,Toys,"€10,16",122
107,Cob,O'Kinedy,cokinedy2y@sohu.com,Male,29/07/1939,246.13.28.63,23/01/2019,4,,Movies,"€14,78",92
408,Miquela,Backe,mbackebb@so-net.ne.jp,Female,10/04/2008,81.162.67.170,22/01/2019,10,5.0,Movies,"€19,45",94
683,Rik,Moden,rmodeniy@thetimes.co.uk,Male,12/05/1993,187.232.147.158,16/01/2019,2,3.0,Movies,"€20,83",94
55,Shem,Klein,sklein1i@livejournal.com,Male,12/08/1935,,21/01/2019,10,3.0,Games,"€13,33",54
421,Helenka,Bedell,hbedellbo@google.com.br,Female,11/04/1985,177.49.13.63,15/01/2019,1,4.0,Games,"€9,41",52
659,Julie,Buttrick,jbuttrickia@zimbio.com,Male,07/10/1952,108.216.81.102,23/01/2019,4,2.0,Shoes,"€27,63",111
977,Darryl,Hurren,dhurrenr4@goo.ne.jp,Male,01/03/1941,142.239.20.37,31/01/2019,9,2.0,Health,"€1,81",70
747,Creighton,Entwisle,centwislekq@dmoz.org,Male,20/04/1984,44.5.252.45,10/01/2019,9,1.0,Toys,"€9,34",121
134,Katey,Hapke,khapke3p@flavors.me,Female,05/11/1976,91.108.0.0,29/01/2019,2,,Movies,"€21,09",94
94,Nike,Swinglehurst,nswinglehurst2l@addtoany.com,Female,14/05/1973,134.13.131.143,23/01/2019,1,3.0,Beauty,"€28,06",14
591,Dorita,Sired,dsiredge@bandcamp.com,Female,07/10/1965,251.62.126.104,13/01/2019,3,1.0,Clothing,"€8,53",31
742,Cletus,Richford,crichfordkl@cargocollective.com,Male,31/03/1932,169.58.198.22,22/01/2019,4,,Games,"€4,23",52
558,Lyndsay,Wimbush,lwimbushfh@photobucket.com,Female,06/12/1993,175.251.200.25,23/01/2019,8,1.0,Electronics,"€0,98",40
482,Torrence,Burstowe,tburstowedd@fotki.com,Male,26/02/1957,40.97.12.216,18/01/2019,5,1.0,Music,"€11,84",104
151,Marice,Dranfield,mdranfield46@mysql.com,Female,18/12/1961,141.193.53.91,13/01/2019,1,3.0,Home,"€7,04",83
403,Stevena,Nickels,snickelsb6@behance.net,Female,25/05/1951,,24/01/2019,10,3.0,Music,"€8,27",104
895,Meta,Welsby,mwelsbyou@forbes.com,Female,30/07/1968,107.1.18.170,31/01/2019,3,3.0,Music,"€2,91",100
634,Halette,Bazely,hbazelyhl@spiegel.de,Female,17/08/2012,175.30.29.169,20/01/2019,2,3.0,Toys,"€29,54",120
29,Dolph,Bille,dbilles@fotki.com,Male,29/07/1960,121.159.56.54,12/01/2019,7,,Shoes,"€6,42",110
507,Gallagher,McIntosh,gmcintoshe2@lulu.com,Male,15/02/1961,43.157.208.113,31/01/2019,6,,Electronics,"€8,76",43
745,Pandora,Cecchi,pcecchiko@gnu.org,Female,13/08/1949,187.254.92.192,20/01/2019,4,4.0,Shoes,"€26,62",112
888,Ambrose,Silver,asilveron@buzzfeed.com,Male,25/09/1959,7.84.92.152,12/01/2019,3,,Electronics,"€27,15",41
213,Dasya,Pigney,dpigney5w@nba.com,Female,07/06/1942,181.101.140.88,29/01/2019,9,2.0,Movies,"€5,38",91
147,Julieta,Bugge,jbugge42@vk.com,Female,14/10/1950,12.202.152.245,28/01/2019,3,2.0,Clothing,"€8,87",31
798,Marina,Pawling,mpawlingm5@google.co.jp,Female,30/08/1935,,20/01/2019,7,,Beauty,"€17,89",13
973,Bron,Creegan,bcreeganr0@ucla.edu,Male,06/01/1963,,28/01/2019,10,5.0,Toys,"€15,92",123
631,Joleen,Lemonnier,jlemonnierhi@feedburner.com,Female,15/08/2010,,10/01/2019,4,,Toys,"€28,35",123
547,Marion,Durie,mdurief6@earthlink.net,Male,29/09/1945,207.173.34.33,29/01/2019,1,,Movies,"€7,78",92
338,Godiva,Johannesson,gjohannesson9d@bloglovin.com,Female,20/11/1984,41.199.77.9,29/01/2019,6,2.0,Movies,"€26,95",93
898,Betta,Keetley,bkeetleyox@dell.com,Female,24/05/1965,50.59.35.255,11/01/2019,2,1.0,Books,"€8,84",20
132,Ondrea,Lindsay,olindsay3n@devhub.com,Female,13/10/1932,232.200.85.182,29/01/2019,9,5.0,Books,"€9,44",24
447,Cesar,Shinefield,cshinefieldce@mtv.com,Male,12/10/1997,145.120.11.164,24/01/2019,6,,Electronics,"€16,34",41
485,Frederich,Leipoldt,fleipoldtdg@paypal.com,Male,12/02/2009,162.175.76.100,23/01/2019,3,4.0,Clothing,"€29,76",32
162,Annmarie,Pettigrew,apettigrew4h@deliciousdays.com,Female,07/07/1989,88.49.8.1,31/01/2019,3,2.0,Music,"€18,87",100
556,Tommie,Oakhill,toakhillff@multiply.com,Female,21/10/1975,42.64.249.85,12/01/2019,1,4.0,Electronics,"€19,31",40
793,Lem,Noe,lnoem0@shareasale.com,Male,03/06/1940,195.101.54.100,25/01/2019,4,5.0,Toys,"€7,19",120
415,Amery,Pittway,apittwaybi@japanpost.jp,Male,25/09/2001,82.187.18.134,25/01/2019,7,1.0,Shoes,"€14,75",113
624,Rori,Umney,rumneyhb@spiegel.de,Female,29/06/1981,216.30.35.53,19/01/2019,7,2.0,Books,"€7,18",21
377,Nike,Scotson,nscotsonag@hostgator.com,Female,03/08/1938,41.51.60.55,27/01/2019,3,2.0,Clothing,"€10,99",32
77,Farica,Wigfield,fwigfield24@csmonitor.com,Female,29/09/1950,,30/01/2019,5,4.0,Books,"€0,52",24
104,Che,Umbert,cumbert2v@thetimes.co.uk,Male,03/02/1954,,10/01/2019,7,,Electronics,"€19,11",44
536,Jaime,Itzcovichch,jitzcovichchev@businesswire.com,Female,12/11/2000,48.72.162.172,27/01/2019,4,5.0,Electronics,"€1,38",42
289,Eloise,Duferie,eduferie80@csmonitor.com,Female,23/07/1940,196.255.161.59,12/01/2019,7,1.0,Beauty,"€12,93",13
945,Pat,Nutty,pnuttyq8@earthlink.net,Male,04/08/1962,219.146.220.168,12/01/2019,1,,Books,"€27,14",22
30,Emmy,Mollon,emollont@ameblo.jp,Female,06/05/2015,233.103.218.164,20/01/2019,8,4.0,Music,"€25,83",102
298,Grazia,Govan,ggovan89@etsy.com,Female,19/04/1938,168.75.190.89,26/01/2019,10,3.0,Electronics,"€1,29",40
8,Barney,Pidon,bpidon7@linkedin.com,Male,23/06/2012,232.53.155.207,31/01/2019,4,2.0,Games,"€6,69",52
604,Eberto,Artrick,eartrickgr@chronoengine.com,Male,10/01/1968,108.64.179.170,18/01/2019,8,,Grocery,"€22,35",61
48,Grethel,Unwin,gunwin1b@dot.gov,Female,19/09/1962,250.180.109.118,21/01/2019,9,4.0,Games,"€4,16",50
458,Wilden,Bullers,wbullerscp@creativecommons.org,Male,23/10/1985,40.100.190.21,19/01/2019,10,4.0,Beauty,"€20,07",13
487,Carlie,Stirley,cstirleydi@baidu.com,Male,12/01/1966,34.230.139.85,29/01/2019,4,2.0,Music,"€8,29",101
191,Sayer,Ruselin,sruselin5a@wikispaces.com,Male,13/11/1961,115.153.242.155,28/01/2019,1,3.0,Shoes,"€3,87",110
253,Robby,Need,rneed70@guardian.co.uk,Female,04/09/2001,,27/01/2019,1,,Books,"€23,29",20
689,Natividad,Hynde,nhyndej4@gravatar.com,Female,18/06/2009,243.9.182.23,09/01/2019,3,,Baby,"€14,01",2
527,Dorena,Moneti,dmonetiem@toplist.cz,Female,15/02/2017,1.88.162.48,14/01/2019,9,,Movies,"€27,44",92
880,Fred,Simonian,fsimonianof@prlog.org,Female,20/07/1977,28.142.232.225,20/01/2019,1,,Books,"€17,98",22
503,Norbert,Ferschke,nferschkedy@imdb.com,Male,16/12/2011,0.253.197.124,18/01/2019,5,1.0,Grocery,"€9,57",63
429,Nevil,Leithgoe,nleithgoebw@studiopress.com,Male,26/06/1987,133.59.178.145,19/01/2019,1,1.0,Books,"€4,63",21
209,Martelle,Ebbotts,mebbotts5s@aboutads.info,Female,14/12/1965,150.227.210.198,11/01/2019,7,5.0,Music,"€3,04",102
198,Roxane,Upham,rupham5h@nasa.gov,Female,06/04/2006,52.241.97.108,09/01/2019,1,2.0,Toys,"€11,15",123
855,Denis,Behninck,dbehnincknq@webnode.com,Male,02/04/1969,9.168.46.125,13/01/2019,9,,Electronics,"€9,83",43
370,Kiah,Clemens,kclemensa9@flickr.com,Female,13/10/1981,69.131.56.24,12/01/2019,1,4.0,Games,"€9,54",51
934,Debra,Blase,dblasepx@addtoany.com,Female,12/06/1938,52.114.79.141,25/01/2019,9,,Electronics,"€1,91",43
165,Tammi,Lavarack,tlavarack4k@bloglines.com,Female,13/08/1995,231.110.135.250,23/01/2019,9,,Books,"€9,57",20
876,Lowrance,Jessard,ljessardob@is.gd,Male,01/07/1989,79.177.87.237,17/01/2019,9,3.0,Beauty,"€0,13",13
574,Gaynor,Rusbridge,grusbridgefx@google.co.uk,Female,11/08/1979,164.206.117.101,11/01/2019,7,5.0,Books,"€28,17",23
50,Hadleigh,Chapelhow,hchapelhow1d@berkeley.edu,Male,08/06/1989,192.222.91.16,10/01/2019,3,2.0,Books,"€7,41",21
53,Cara,Geldeard,cgeldeard1g@ask.com,Female,15/09/1961,126.84.197.131,18/01/2019,8,4.0,Shoes,"€28,96",110
645,Davita,Cudworth,dcudworthhw@hatena.ne.jp,Female,11/05/1999,,18/01/2019,3,1.0,Games,"€8,67",53
355,Wadsworth,Verring,wverring9u@uiuc.edu,Male,07/09/1936,215.86.229.247,25/01/2019,10,4.0,Shoes,"€5,60",112
91,Valery,Izachik,vizachik2i@ihg.com,Female,10/10/1968,175.136.104.106,15/01/2019,3,1.0,Movies,"€5,38",94
405,Tedie,Capnerhurst,tcapnerhurstb8@netlog.com,Male,23/06/1956,1.147.93.130,26/01/2019,3,,Clothing,"€4,13",34
496,Lida,Caughtry,lcaughtrydr@gnu.org,Female,06/06/1975,39.153.215.137,31/01/2019,1,1.0,Books,"€25,81",22
388,Rowena,Dougary,rdougaryar@prweb.com,Female,30/06/2010,82.79.10.47,28/01/2019,6,4.0,Electronics,"€7,48",41
302,Shane,Ronayne,sronayne8d@cafepress.com,Male,27/08/2018,255.41.240.23,09/01/2019,4,5.0,Toys,"€19,85",123
322,Brita,Triggs,btriggs8x@springer.com,Female,25/02/2009,48.78.195.57,09/01/2019,5,1.0,Grocery,"€28,37",64
238,Abbey,Inggall,ainggall6l@google.com.br,Male,11/04/1956,3.227.38.222,18/01/2019,8,2.0,Music,"€15,48",103
700,Claiborn,Critchard,ccritchardjf@cloudflare.com,Male,07/10/2009,156.3.138.79,19/01/2019,2,1.0,Shoes,"€18,92",112
120,Sheila,Origin,sorigin3b@amazon.co.uk,Female,27/07/1955,175.61.216.147,29/01/2019,2,4.0,Beauty,"€1,33",12
523,Lemmie,Toone,ltooneei@alexa.com,Male,04/04/1965,249.25.18.37,29/01/2019,10,4.0,Clothing,"€19,23",31
887,Cleopatra,Oughtright,coughtrightom@exblog.jp,Female,17/01/1935,235.193.125.36,10/01/2019,4,,Books,"€8,08",24
996,Gerhard,Sember,gsemberrn@sfgate.com,Male,09/03/1933,153.68.172.44,23/01/2019,6,,Grocery,"€3,93",61
909,Kenyon,Compford,kcompfordp8@umn.edu,Male,17/09/1979,123.13.38.195,22/01/2019,1,,Music,"€14,74",102
957,Amity,MacGruer,amacgruerqk@yellowpages.com,Female,25/12/1952,28.212.87.124,26/01/2019,2,5.0,Toys,"€13,31",122
476,Leanor,Faulks,lfaulksd7@foxnews.com,Female,30/04/1966,201.245.213.218,11/01/2019,7,2.0,Shoes,"€24,31",110
495,Glendon,Chaffin,gchaffindq@unicef.org,Male,06/11/1957,149.94.217.155,26/01/2019,3,2.0,Home,"€19,16",82
52,Lemmy,McCorkell,lmccorkell1f@cnet.com,Male,11/01/2012,123.157.201.109,18/01/2019,5,,Books,"€8,05",23
304,Heida,Ronayne,hronayne8f@baidu.com,Female,12/12/1945,246.11.156.240,24/01/2019,5,1.0,Clothing,"€22,15",30
190,Herta,Cosans,hcosans59@state.tx.us,Female,27/02/1985,226.105.139.33,19/01/2019,1,5.0,Beauty,"€19,03",13
